JrId_pubmed,JournalTitle_pubmed,ISSN_Print_pubmed,Sourceid_SM,Title_SM,ISSN_SM,Type_SM,Subject_Category_SM,Matched_ISSN
194,Acta psychologica,0001-6918,29424,acta psychologica,"18736297, 00016918",journal,Developmental_and_Educational_Psychology,True
244,Addictive behaviors,0306-4603,24763,addictive behaviors,"03064603, 18736327",journal,Clinical_Psychology,True
392,American annals of the deaf,0002-726X,14564,american annals of the deaf,"15430375, 0002726X",journal,Developmental_and_Educational_Psychology,True
415,American journal of community psychology,0091-0562,16925,american journal of community psychology,"00910562, 15732770",journal,Applied_Psychology,True
458,American journal of psychoanalysis,0002-9548,29473,american journal of psychoanalysis,"00029548, 15736741",journal,Clinical_Psychology,True
460,American journal of psychotherapy,0002-9564,17666,american journal of psychotherapy,"25756559, 00029564",journal,Clinical_Psychology,True
607,Annales medico-psychologiques,0003-4487,29521,annales medico-psychologiques,"00034487, 17696631",journal,Applied_Psychology,True
677,Annual review of psychology,0066-4308,12010,annual review of psychology,"00664308, 15452085",journal,Psychology_(miscellaneous),True
696,Appetite,0195-6663,29994,appetite,"01956663, 10958304",journal,Psychology_(miscellaneous),True
843,Archives of sexual behavior,0004-0002,27562,archives of sexual behavior,"15732800, 00040002",journal,Psychology_(miscellaneous),True
965,Behaviour research and therapy,0005-7967,12127,behaviour research and therapy,"00057967, 1873622X",journal,Developmental_and_Educational_Psychology,True
969,Behavior modification,0145-4455,12102,behavior modification,"01454455, 15524167",journal,Developmental_and_Educational_Psychology,True
1038,Journal of addictive diseases,1055-0887,25291,journal of addictive diseases,10550887,journal,Clinical_Psychology,True
1097,Sante mentale au Quebec,0383-6320,14774,sante mentale au quebec,"17083923, 03836320",journal,Clinical_Psychology,True
1119,Biological psychology,0301-0511,12145,biological psychology,"03010511, 18736246",journal,Neuropsychology_and_Physiological_Psychology,True
1188,International psychogeriatrics,1041-6102,16200,international psychogeriatrics,"1741203X, 10416102",journal,Clinical_Psychology,True
1467,Psychology and aging,0882-7974,29802,psychology and aging,"08827974, 19391498",journal,Social_Psychology,True
1572,Alzheimer disease and associated disorders,0893-0341,17639,alzheimer disease and associated disorders,"08930341, 15464156",journal,Clinical_Psychology,True
1577,Brain and cognition,0278-2626,12163,brain and cognition,"10902147, 02782626",journal,Developmental_and_Educational_Psychology,True
1919,Brain and language,0093-934X,12164,brain and language,"10902155, 0093934X",journal,Experimental_and_Cognitive_Psychology,True
2355,Bulletin of the Menninger Clinic,0025-9284,17320,bulletin of the menninger clinic,"00259284, 19432828",journal,Clinical_Psychology,True
2405,Brain injury,0269-9052,14340,brain injury,"1362301X, 02699052",journal,Developmental_and_Educational_Psychology,True
2420,Neuropsychology review,1040-7308,18014,neuropsychology review,"15736660, 10407308",journal,Neuropsychology_and_Physiological_Psychology,True
2486,Journal of psychosomatic obstetrics and gynaecology,0167-482X,27628,journal of psychosomatic obstetrics and gynaecology,"0167482X, 17438942",journal,Clinical_Psychology,True
2668,"Child: care, health and development",0305-1862,14561,"child: care, health and development","03051862, 13652214",journal,Developmental_and_Educational_Psychology,True
2762,Clinical gerontologist,0731-7115,28652,clinical gerontologist,"15452301, 07317115",journal,Social_Psychology,True
2917,Child development,0009-3920,24456,child development,"14678624, 00093920",journal,Developmental_and_Educational_Psychology,True
2918,Child psychiatry and human development,0009-398X,14872,child psychiatry and human development,"15733327, 0009398X",journal,Developmental_and_Educational_Psychology,True
3093,Cognitive psychology,0010-0285,12872,cognitive psychology,"10955623, 00100285",journal,Developmental_and_Educational_Psychology,True
3097,Cognition,0010-0277,12857,cognition,"18737838, 00100277",journal,Developmental_and_Educational_Psychology,True
3119,"Journal of comparative psychology (Washington, D.C. : 1983)",0735-7036,15431,"journal of comparative psychology (washington, d.c. : 1983)","07357036, 19392087",journal,Psychology_(miscellaneous),True
3129,Comprehensive psychiatry,0010-440X,14921,comprehensive psychiatry,"0010440X, 15328384",journal,Clinical_Psychology,True
3395,Developmental psychobiology,0012-1630,14539,developmental psychobiology,"00121630, 10982302",journal,Developmental_and_Educational_Psychology,True
3608,Experimental aging research,0361-073X,14143,experimental aging research,"10964657, 0361073X",journal,Psychology_(miscellaneous),True
3633,Exceptional children,0014-4029,22055,exceptional children,"00144029, 21635560",journal,Developmental_and_Educational_Psychology,True
3636,Evaluation and program planning,0149-7189,26602,evaluation and program planning,"01497189, 18737870",journal,Social_Psychology,True
3683,Family process,0014-7370,14152,family process,"15455300, 00147370",journal,Social_Psychology,True
4071,Death studies,0748-1187,13486,death studies,"10917683, 07481187",journal,Developmental_and_Educational_Psychology,True
4128,Human development,0018-716X,14017,human development,"14230054, 0018716X",journal,Developmental_and_Educational_Psychology,True
4131,Human factors,0018-7208,29755,human factors,"00187208, 15478181",journal,Applied_Psychology,True
4150,Human resource management,0090-4848,24718,human resource management,"00904848, 1099050X",journal,Applied_Psychology,True
4301,International journal of group psychotherapy,0020-7284,14891,international journal of group psychotherapy,"00207284, 19432836",journal,Clinical_Psychology,True
4417,Journal of abnormal psychology,0021-843X,15370,journal of abnormal psychology,"1939843X, 0021843X",journal,Developmental_and_Educational_Psychology,True
4424,Journal of affective disorders,0165-0327,16245,journal of affective disorders,"01650327, 15732517",journal,Clinical_Psychology,True
4460,Journal of the American Psychoanalytic Association,0003-0651,96959,journal of the american psychoanalytic association,"19412460, 00030651",journal,Clinical_Psychology,True
4501,Journal of applied behavior analysis,0021-8855,15382,journal of applied behavior analysis,"19383703, 00218855",journal,Applied_Psychology,True
4529,Journal of the American Academy of Child and Adolescent Psychiatry,0890-8567,17643,journal of the american academy of child and adolescent psychiatry,"08908567, 15275418",journal,Developmental_and_Educational_Psychology,True
4537,Journal of autism and developmental disorders,0162-3257,22111,journal of autism and developmental disorders,"15733432, 01623257",journal,Developmental_and_Educational_Psychology,True
4603,Journal of child language,0305-0009,25677,journal of child language,"03050009, 14697602",journal,Developmental_and_Educational_Psychology,True
4628,Journal of clinical and experimental neuropsychology,1380-3395,12736,journal of clinical and experimental neuropsychology,"1744411X, 13803395",journal,Clinical_Psychology,True
4651,Journal of clinical psychology,0021-9762,15410,journal of clinical psychology,"00219762, 10974679",journal,Clinical_Psychology,True
4652,Journal of behavior therapy and experimental psychiatry,0005-7916,16249,journal of behavior therapy and experimental psychiatry,"18737943, 00057916",journal,Clinical_Psychology,True
4665,Journal of communication disorders,0021-9924,15428,journal of communication disorders,"00219924, 18737994",journal,Experimental_and_Cognitive_Psychology,True
4667,Journal of community psychology,0090-4392,15430,journal of community psychology,"15206629, 00904392",journal,Social_Psychology,True
4676,Journal of consulting and clinical psychology,0022-006X,15439,journal of consulting and clinical psychology,0022006X,journal,Clinical_Psychology,True
4684,Journal of adolescence,0140-1971,25655,journal of adolescence,"10959254, 01401971",journal,Social_Psychology,True
4705,Journal of educational psychology,0022-0663,12808,journal of educational psychology,"19392176, 00220663",journal,Developmental_and_Educational_Psychology,True
4719,Journal of the experimental analysis of behavior,0022-5002,12001,journal of the experimental analysis of behavior,"00225002, 19383711",journal,Experimental_and_Cognitive_Psychology,True
4723,Journal of experimental child psychology,0022-0965,15472,journal of experimental child psychology,"00220965, 10960457",journal,Developmental_and_Educational_Psychology,True
4780,Journal of health and social behavior,0022-1465,15645,journal of health and social behavior,"00221465, 21506000",journal,Social_Psychology,True
4795,Journal of homosexuality,0091-8369,29972,journal of homosexuality,"15403602, 00918369",journal,Social_Psychology,True
4801,Journal of the history of the behavioral sciences,0022-5061,12002,journal of the history of the behavioral sciences,"00225061, 15206696",journal,Psychology_(miscellaneous),True
4960,Journal of behavioral medicine,0160-7715,16664,journal of behavioral medicine,"15733521, 01607715",journal,Psychology_(miscellaneous),True
5085,Journal of health care chaplaincy,0885-4726,28811,journal of health care chaplaincy,"15286916, 08854726",journal,Clinical_Psychology,True
5119,Journal of pediatric psychology,0146-8693,30021,journal of pediatric psychology,"01468693, 1465735X",journal,Developmental_and_Educational_Psychology,True
5126,Journal of psychoactive drugs,0279-1072,25319,journal of psychoactive drugs,02791072,journal,Psychology_(miscellaneous),True
5145,Journal of personality,0022-3506,30022,journal of personality,"00223506, 14676494",journal,Social_Psychology,True
5146,Journal of personality assessment,0022-3891,30042,journal of personality assessment,"15327752, 00223891",journal,Clinical_Psychology,True
5147,Journal of personality and social psychology,0022-3514,30039,journal of personality and social psychology,00223514,journal,Social_Psychology,True
5214,The Journal of psychology,0022-3980,30064,the journal of psychology,"19401019, 00223980",journal,Psychology_(miscellaneous),True
5217,Journal of psycholinguistic research,0090-6905,22496,journal of psycholinguistic research,"15736555, 00906905",journal,Psychology_(miscellaneous),True
5218,Journal of psychosomatic research,0022-3999,16817,journal of psychosomatic research,"18791360, 00223999",journal,Clinical_Psychology,True
5234,Journal of rehabilitation,0022-4154,16813,journal of rehabilitation,00224154,journal,Clinical_Psychology,True
5263,Journal of sex research,0022-4499,30084,journal of sex research,"00224499, 15598519",journal,Psychology_(miscellaneous),True
5316,Journal of substance abuse treatment,0740-5472,25334,journal of substance abuse treatment,"18736483, 07405472",journal,Clinical_Psychology,True
5948,Monographs of the Society for Research in Child Development,0037-976X,15269,monographs of the society for research in child development,"0037976X, 15405834",journal,Developmental_and_Educational_Psychology,True
5989,Organizational dynamics,0090-2616,22328,organizational dynamics,00902616,journal,Applied_Psychology,True
6079,Neuropsychiatrie de l'enfance et de l'adolescence,0222-9617,15600,neuropsychiatrie de l'enfance et de l'adolescence,"02229617, 17696615",journal,Developmental_and_Educational_Psychology,True
6082,Neuropsychobiology,0302-282X,18001,neuropsychobiology,"0302282X, 14230224",journal,Neuropsychology_and_Physiological_Psychology,True
6083,Neuropsychologia,0028-3932,18009,neuropsychologia,"18733514, 00283932",journal,Experimental_and_Cognitive_Psychology,True
6166,Neuroscience and biobehavioral reviews,0149-7634,18045,neuroscience and biobehavioral reviews,"18737528, 01497634",journal,Neuropsychology_and_Physiological_Psychology,True
6412,Perceptual and motor skills,0031-5125,12798,perceptual and motor skills,"1558688X, 00315125",journal,Experimental_and_Cognitive_Psychology,True
6413,Perception,0301-0066,12795,perception,"14684233, 03010066",journal,Experimental_and_Cognitive_Psychology,True
6540,Organizational behavior and human decision processes,0749-5978,22326,organizational behavior and human decision processes,"07495978, 10959920",journal,Applied_Psychology,True
6582,Praxis der Kinderpsychologie und Kinderpsychiatrie,0032-7034,18621,praxis der kinderpsychologie und kinderpsychiatrie,00327034,journal,Developmental_and_Educational_Psychology,True
6740,Psihoterapija,0350-3186,74728,psihoterapija,03503186,journal,Clinical_Psychology,True
6772,Psychoanalytic review,0033-2836,13423,psychoanalytic review,"19433301, 00332836",journal,Clinical_Psychology,True
6774,Psychological bulletin,0033-2909,13443,psychological bulletin,"00332909, 19391455",journal,Psychology_(miscellaneous),True
6777,Psychological medicine,0033-2917,18742,psychological medicine,"14698978, 00332917",journal,Applied_Psychology,True
6781,Psychological reports,0033-2941,13465,psychological reports,"00332941, 1558691X",journal,Psychology_(miscellaneous),True
6782,Psychological research,0340-0727,13466,psychological research,"14302772, 03400727",journal,Developmental_and_Educational_Psychology,True
6783,Psychological review,0033-295X,13467,psychological review,"19391471, 0033295X",journal,Psychology_(miscellaneous),True
6784,Psychometrika,0033-3123,14061,psychometrika,"00333123, 18600980",journal,Psychology_(miscellaneous),True
6786,Psychopathology,0254-4962,18746,psychopathology,"02544962, 1423033X",journal,Clinical_Psychology,True
6792,Psychophysiology,0048-5772,18747,psychophysiology,"00485772, 14698986",journal,Developmental_and_Educational_Psychology,True
6793,Psychosomatic medicine,0033-3174,19172,psychosomatic medicine,"00333174, 15347796",journal,Developmental_and_Educational_Psychology,True
6798,Psychotherapy and psychosomatics,0033-3190,19181,psychotherapy and psychosomatics,"00333190, 14230348",journal,Clinical_Psychology,True
6911,Research on aging,0164-0275,29826,research on aging,"01640275, 15527573",journal,Social_Psychology,True
7019,Research in developmental disabilities,0891-4222,19227,research in developmental disabilities,"18733379, 08914222",journal,Developmental_and_Educational_Psychology,True
7120,Revue francaise de psychanalyse,0035-2942,14736,revue francaise de psychanalyse,00352942,journal,Clinical_Psychology,True
7390,Social psychology,0147-829X,19700188900,social psychology,"18649335, 21512590",journal,Social_Psychology,False
7421,Scandinavian journal of psychology,0036-5564,14775,scandinavian journal of psychology,"14679450, 00365564",journal,Developmental_and_Educational_Psychology,True
7522,Social psychology quarterly,0190-2725,17562,social psychology quarterly,"01902725, 19398999",journal,Social_Psychology,True
7560,Social psychiatry and psychiatric epidemiology,0933-7954,19841,social psychiatry and psychiatric epidemiology,"14339285, 09337954",journal,Social_Psychology,True
8145,Zeitschrift fur klinische Psychologie und Psychotherapie,0300-869X,15914,zeitschrift fur klinische psychologie und psychotherapie,"21906297, 16163443",journal,Clinical_Psychology,False
8761,Neurobiology of learning and memory,1074-7427,17467,neurobiology of learning and memory,"10959564, 10747427",journal,Experimental_and_Cognitive_Psychology,True
20161,Consciousness and cognition,1053-8100,13401,consciousness and cognition,"10538100, 10902376",journal,Developmental_and_Educational_Psychology,True
20172,Journal of traumatic stress,0894-9867,12005,journal of traumatic stress,"15736598, 08949867",journal,Clinical_Psychology,True
20457,Journal of vocational behavior,0001-8791,12006,journal of vocational behavior,"10959084, 00018791",journal,Applied_Psychology,True
20460,Journal of experimental social psychology,0022-1031,15499,journal of experimental social psychology,"00221031, 10960465",journal,Social_Psychology,True
20461,Journal of mathematical psychology,0022-2496,15568,journal of mathematical psychology,"10960880, 00222496",journal,Psychology_(miscellaneous),True
20463,Learning and motivation,0023-9690,13457,learning and motivation,"00239690, 10959122",journal,Developmental_and_Educational_Psychology,True
20471,Contemporary educational psychology,0361-476X,12882,contemporary educational psychology,"0361476X, 10902384",journal,Developmental_and_Educational_Psychology,True
20510,Developmental psychology,0012-1649,13500,developmental psychology,"19390599, 00121649",journal,Developmental_and_Educational_Psychology,True
20517,Journal of marital and family therapy,0194-472X,15567,journal of marital and family therapy,"17520606, 0194472X",journal,Social_Psychology,True
20519,Law and human behavior,0147-7307,17545,law and human behavior,"01477307, 1573661X",journal,Psychology_(miscellaneous),True
20550,Development and psychopathology,0954-5794,13491,development and psychopathology,"09545794, 14692198",journal,Developmental_and_Educational_Psychology,True
20566,Journal of personality disorders,0885-579X,30045,journal of personality disorders,"0885579X, 19432763",journal,Clinical_Psychology,True
20584,Clinical psychology review,0272-7358,12854,clinical psychology review,"18737811, 02727358",journal,Clinical_Psychology,True
20586,Psycho-oncology,1057-9249,13069,psycho-oncology,"10579249, 10991611",journal,Experimental_and_Cognitive_Psychology,True
20590,Journal of anxiety disorders,0887-6185,15375,journal of anxiety disorders,"08876185, 18737897",journal,Clinical_Psychology,True
20612,Depression and anxiety,1091-4269,13487,depression and anxiety,"10914269, 15206394",journal,Clinical_Psychology,True
20737,Assessment,1073-1911,12058,assessment,"10731911, 15523489",journal,Clinical_Psychology,True
20821,Zeitschrift fur Kinder- und Jugendpsychiatrie und Psychotherapie,1422-4917,19985,zeitschrift fur kinder- und jugendpsychiatrie und psychotherapie,"16642880, 14224917",journal,Clinical_Psychology,True
20934,Journal of occupational health psychology,1076-8998,29282,journal of occupational health psychology,"19391307, 10768998",journal,Applied_Psychology,True
21042,AIDS and behavior,1090-7165,20153,aids and behavior,"10907165, 15733254",journal,Social_Psychology,True
21214,Trends in cognitive sciences,1364-6613,15359,trends in cognitive sciences,"1879307X, 13646613",journal,Neuropsychology_and_Physiological_Psychology,True
21230,Neuropsychology,0894-4105,18013,neuropsychology,"08944105, 19311559",journal,Neuropsychology_and_Physiological_Psychology,True
21423,New directions for child and adolescent development,1520-3247,12739,new directions for child and adolescent development,"15348687, 15203247",journal,Social_Psychology,True
21663,Developmental neuropsychology,8756-5641,13498,developmental neuropsychology,"15326942, 87565641",journal,Developmental_and_Educational_Psychology,True
21678,Psychological assessment,1040-3590,13442,psychological assessment,"1939134X, 10403590",journal,Clinical_Psychology,True
21802,Psychological methods,1082-989X,13461,psychological methods,"1082989X, 19391463",journal,Psychology_(miscellaneous),True
21834,Journal of motor behavior,0022-2895,30014,journal of motor behavior,"00222895, 19401027",journal,Experimental_and_Cognitive_Psychology,True
22005,Psychological science,0956-7976,13468,psychological science,"09567976, 14679280",journal,Psychology_(miscellaneous),True
22012,Child maltreatment,1077-5595,24469,child maltreatment,10775595,journal,Developmental_and_Educational_Psychology,True
22026,Clinical child and family psychology review,1096-4037,12841,clinical child and family psychology review,"15732827, 10964037",journal,Developmental_and_Educational_Psychology,True
22071,American journal of health behavior,1087-3244,27618,american journal of health behavior,"10873244, 19457359",journal,Social_Psychology,True
22296,American journal of Alzheimer's disease and other dementias,1533-3175,28533,american journal of alzheimer's disease and other dementias,15333175,journal,Clinical_Psychology,True
22431,Behavioural neurology,0953-4180,14287,behavioural neurology,"09534180, 18758584",journal,Neuropsychology_and_Physiological_Psychology,True
22449,Human movement science,0167-9457,14018,human movement science,"01679457, 18727646",journal,Experimental_and_Cognitive_Psychology,True
22483,Studia psychologica,0039-3320,15302,studia psychologica,00393320,journal,Psychology_(miscellaneous),True
22510,Journal of cross-cultural psychology,0022-0221,15453,journal of cross-cultural psychology,"00220221, 15525422",journal,Social_Psychology,True
22732,International journal of sport psychology,0047-0767,19846,international journal of sport psychology,00470767,journal,Applied_Psychology,True
22747,Personality and individual differences,0191-8869,12807,personality and individual differences,01918869,journal,Psychology_(miscellaneous),True
22752,Journal of environmental psychology,0272-4944,15470,journal of environmental psychology,"02724944, 15229610",journal,Social_Psychology,True
22763,New Zealand journal of psychology,0112-109X,12748,new zealand journal of psychology,0112109X,journal,Psychology_(miscellaneous),True
22768,Computers in human behavior,0747-5632,19419,computers in human behavior,07475632,journal,Psychology_(miscellaneous),True
22777,Work and stress,0267-8373,15422,work and stress,"02678373, 14645335",journal,Applied_Psychology,True
22781,Applied cognitive psychology,0888-4080,12024,applied cognitive psychology,"10990720, 08884080",journal,Developmental_and_Educational_Psychology,True
22783,International journal of comparative psychology,0889-3667,14888,international journal of comparative psychology,"08893667, 21683344",journal,Psychology_(miscellaneous),True
23347,Journal of child sexual abuse,1053-8712,29882,journal of child sexual abuse,"10538712, 15470679",journal,Clinical_Psychology,True
23359,History of psychology,1093-4510,14769,history of psychology,"19390610, 10934510",journal,Psychology_(miscellaneous),True
23392,Zeitschrift fur Entwicklungspsychologie und Padagogische Psychologie,0049-8637,15913,zeitschrift fur entwicklungspsychologie und padagogische psychologie,"00498637, 21906262",journal,Developmental_and_Educational_Psychology,True
25292,Dialogue,0012-2173,21100213000,dialogue,02428962,journal,Social_Psychology,False
25513,Counseling and values,0160-7960,18336,counseling and values,"01607960, 2161007X",journal,Social_Psychology,True
25547,Journal of criminal justice,0047-2352,25733,journal of criminal justice,00472352,journal,Social_Psychology,True
25566,Basic and applied social psychology,0197-3533,12088,basic and applied social psychology,"01973533, 15324834",journal,Social_Psychology,True
25571,Research on social work practice,1049-7315,16907,research on social work practice,"10497315, 15527581",journal,Psychology_(miscellaneous),True
25603,Infants and young children,0896-3746,15053,infants and young children,"08963746, 15505081",journal,Developmental_and_Educational_Psychology,True
25609,Counselling psychology quarterly,0951-5070,13450,counselling psychology quarterly,"09515070, 14693674",journal,Clinical_Psychology,True
25616,Journal of business and psychology,0889-3268,15392,journal of business and psychology,"1573353X, 08893268",journal,Psychology_(miscellaneous),True
25619,Aphasiology,0268-7038,14183,aphasiology,"14645041, 02687038",journal,Developmental_and_Educational_Psychology,True
25634,Journal of reproductive and infant psychology,0264-6838,30072,journal of reproductive and infant psychology,"1469672X, 02646838",journal,Psychology_(miscellaneous),True
25639,Journal of social and clinical psychology,0736-7236,30085,journal of social and clinical psychology,07367236,journal,Social_Psychology,True
25647,Ageing and society,0144-686X,28471,ageing and society,"0144686X, 14691779",journal,Social_Psychology,True
25652,Deviant behavior,0163-9625,14293,deviant behavior,"15210456, 01639625",journal,Social_Psychology,True
25658,Family relations,0197-6664,28902,family relations,"01976664, 17413729",journal,Developmental_and_Educational_Psychology,True
25696,Aggressive behavior,0096-140X,29452,aggressive behavior,"10982337, 0096140X",journal,Developmental_and_Educational_Psychology,True
25697,Social indicators research,0303-8300,19391,social indicators research,"03038300, 15730921",journal,Developmental_and_Educational_Psychology,True
25702,Journal of counseling psychology,0022-0167,15452,journal of counseling psychology,00220167,journal,Social_Psychology,True
25721,Behavior therapy,0005-7894,12107,behavior therapy,"00057894, 18781888",journal,Clinical_Psychology,True
25731,Journal of research in personality,0092-6566,30073,journal of research in personality,"00926566, 10957251",journal,Social_Psychology,True
25748,Rehabilitation psychology,0090-5550,14112,rehabilitation psychology,"00905550, 19391544",journal,Clinical_Psychology,True
25756,International journal of offender therapy and comparative criminology,0306-624X,20321,international journal of offender therapy and comparative criminology,"0306624X, 15526933",journal,Applied_Psychology,True
25757,Australian psychologist,0005-0067,12084,australian psychologist,"00050067, 17429544",journal,Psychology_(miscellaneous),True
25761,Rehabilitation counseling bulletin,0034-3552,14415,rehabilitation counseling bulletin,"00343552, 15384853",journal,Applied_Psychology,True
25762,Journal of applied social psychology,0021-9029,15390,journal of applied social psychology,"00219029, 15591816",journal,Social_Psychology,True
25794,Journal of school psychology,0022-4405,30074,journal of school psychology,"00224405, 18733506",journal,Developmental_and_Educational_Psychology,True
25798,Contemporary psychoanalysis,0010-7530,13415,contemporary psychoanalysis,"00107530, 23309091",journal,Clinical_Psychology,True
25799,Psychology in the schools,0033-3085,14030,psychology in the schools,"00333085, 15206807",journal,Developmental_and_Educational_Psychology,True
25832,Criminal justice and behavior,0093-8548,19664,criminal justice and behavior,"15523594, 00938548",journal,Psychology_(miscellaneous),True
25864,Irish journal of psychological medicine,0790-9667,16221,irish journal of psychological medicine,07909667,journal,Applied_Psychology,True
25867,Journal of social and personal relationships,0265-4075,30086,journal of social and personal relationships,02654075,journal,Social_Psychology,True
25919,Journal of comparative family studies,0047-2328,15617,journal of comparative family studies,00472328,journal,Social_Psychology,True
25920,Journal of psychology and theology,0091-6471,30063,journal of psychology and theology,"23281162, 00916471",journal,Psychology_(miscellaneous),True
26738,Zeitschrift fur Psychosomatische Medizin und Psychotherapie,1438-3608,19987,zeitschrift fur psychosomatische medizin und psychotherapie,14383608,journal,Clinical_Psychology,True
26800,Journal of gambling studies,1050-5350,5700181569,journal of gambling studies,"10505350, 15733602",journal,Psychology_(miscellaneous),True
26993,Animal cognition,1435-9448,29520,animal cognition,"14359448, 14359456",journal,Experimental_and_Cognitive_Psychology,True
26994,Journal of attention disorders,1087-0547,16248,journal of attention disorders,"10870547, 15571246",journal,Developmental_and_Educational_Psychology,True
26999,Journal of fluency disorders,0094-730X,15506,journal of fluency disorders,"0094730X, 1873801X",journal,Experimental_and_Cognitive_Psychology,True
27028,Experimental psychology,1618-3169,14145,experimental psychology,"21905142, 16183169",journal,Psychology_(miscellaneous),True
27133,Personal Relationships,1350-4126,15965,personal relationships,"13504126, 14756811",journal,Social_Psychology,True
27134,School psychology review,0279-6015,14779,school psychology review,"02796015, 2372966X",journal,Developmental_and_Educational_Psychology,True
27153,Journal of multicultural counseling and development,0883-8534,30015,journal of multicultural counseling and development,08838534,journal,Applied_Psychology,True
27180,School Psychology International,0143-0343,23164,school psychology international,"14617374, 01430343",journal,Developmental_and_Educational_Psychology,True
27320,Journal of clinical psychology in medical settings,1068-9583,15411,journal of clinical psychology in medical settings,"10689583, 15733572",journal,Clinical_Psychology,True
27383,Journal of family and economic issues,1058-0476,15500,journal of family and economic issues,"15733475, 10580476",journal,Social_Psychology,True
27406,Psychology and developing societies,0971-3336,14009,psychology and developing societies,"09730761, 09713336",journal,Social_Psychology,True
27416,Early education and development,1040-9289,13523,early education and development,"15566935, 10409289",journal,Developmental_and_Educational_Psychology,True
27429,Psikhologicheskii zhurnal,0205-9592,35102,psikhologicheskii zhurnal,02059592,journal,Psychology_(miscellaneous),True
27450,Journal of family violence,0885-7482,20369,journal of family violence,"08857482, 15732851",journal,Clinical_Psychology,True
27453,Early childhood research quarterly,0885-2006,77191,early childhood research quarterly,08852006,journal,Developmental_and_Educational_Psychology,True
27502,Children and youth services review,0190-7409,24482,children and youth services review,01907409,journal,Developmental_and_Educational_Psychology,True
27517,Infant mental health journal,0163-9641,15031,infant mental health journal,"01639641, 10970355",journal,Developmental_and_Educational_Psychology,True
27539,Social networks,0378-8733,25987,social networks,03788733,journal,Psychology_(miscellaneous),True
27568,International journal of behavioral development,0165-0254,14871,international journal of behavioral development,"01650254, 14640651",journal,Social_Psychology,True
27586,Intelligence,0160-2896,14852,intelligence,01602896,journal,Developmental_and_Educational_Psychology,True
27587,Cognitive therapy and research,0147-5916,12887,cognitive therapy and research,"01475916, 15732819",journal,Clinical_Psychology,True
27597,Psychology of women quarterly,0361-6843,14035,psychology of women quarterly,"14716402, 03616843",journal,Developmental_and_Educational_Psychology,True
27619,Human communication research,0360-3989,14772,human communication research,"03603989, 14682958",journal,Developmental_and_Educational_Psychology,True
27628,Sex roles,0360-0025,14798,sex roles,"03600025, 15732762",journal,Social_Psychology,True
27672,Australian journal of psychology,0004-9530,12082,australian journal of psychology,"00049530, 17429536",journal,Psychology_(miscellaneous),True
27699,Pastoral psychology,0031-2789,12792,pastoral psychology,"15736679, 00312789",journal,Social_Psychology,True
27757,Revista latinoamericana de psicologia,0120-0534,14730,revista latinoamericana de psicologia,01200534,journal,Psychology_(miscellaneous),True
27808,Social behavior and personality,0301-2212,14821,social behavior and personality,"11796391, 03012212",journal,Social_Psychology,True
27812,Merrill-Palmer quarterly,0272-9679,12691,merrill-palmer quarterly,"0272930X, 15350266",journal,Developmental_and_Educational_Psychology,False
27827,Educational and psychological measurement,0013-1644,13563,educational and psychological measurement,"00131644, 15523888",journal,Developmental_and_Educational_Psychology,True
27832,Ceskoslovenska psychologie,0009-062X,12831,ceskoslovenska psychologie,"18046436, 0009062X",journal,Psychology_(miscellaneous),True
27836,European journal of social psychology,0046-2772,14117,european journal of social psychology,"10990992, 00462772",journal,Social_Psychology,True
27845,Journal for the theory of social behaviour,0021-8308,15367,journal for the theory of social behaviour,"14685914, 00218308",journal,Social_Psychology,True
27858,Journal of youth and adolescence,0047-2891,25680,journal of youth and adolescence,"15736601, 00472891",journal,Social_Psychology,True
27952,Psychologica Belgica,0033-2879,13441,psychologica belgica,"00332879, 2054670X",journal,Psychology_(miscellaneous),True
27955,Psychological studies,0033-2968,13972,psychological studies,"00332968, 09749861",journal,Psychology_(miscellaneous),True
27963,Multivariate behavioral research,0027-3171,12711,multivariate behavioral research,"00273171, 15327906",journal,Experimental_and_Cognitive_Psychology,True
28074,Arquivos brasileiros de psicologia,0100-8692,59860,arquivos brasileiros de psicologia,"18095267, 01008692",journal,Psychology_(miscellaneous),True
28085,Journal Of Economic Psychology,0167-4870,22915,journal of economic psychology,01674870,journal,Applied_Psychology,True
28142,Journal of adolescent research,0743-5584,15371,journal of adolescent research,"07435584, 15526895",journal,Developmental_and_Educational_Psychology,True
28206,Journal of feminist family therapy,0895-2833,23703,journal of feminist family therapy,"15404099, 08952833",journal,Applied_Psychology,True
28254,Journal of interpersonal violence,0886-2605,20374,journal of interpersonal violence,08862605,journal,Clinical_Psychology,True
28282,Hispanic journal of behavioral sciences,0739-9863,14768,hispanic journal of behavioral sciences,"15526364, 07399863",journal,Social_Psychology,True
28294,Journal of applied developmental psychology,0193-3973,15385,journal of applied developmental psychology,01933973,journal,Developmental_and_Educational_Psychology,True
28322,Kolner Zeitschrift fur Soziologie und Sozialpsychologie,0023-2653,15726,kolner zeitschrift fur soziologie und sozialpsychologie,"00232653, 1861891X",journal,Social_Psychology,True
28457,Sociological focus,0038-0237,18083,sociological focus,"00380237, 21621128",journal,Psychology_(miscellaneous),True
28568,Technological forecasting and social change,0040-1625,14704,technological forecasting and social change,00401625,journal,Applied_Psychology,True
28684,Mathematical social sciences,0165-4896,25057,mathematical social sciences,01654896,journal,Psychology_(miscellaneous),True
29380,Behaviormetrika,0385-7417,15947,behaviormetrika,03857417,journal,Clinical_Psychology,True
29716,Learning and individual differences,1041-6080,13453,learning and individual differences,"18733425, 10416080",journal,Social_Psychology,True
29760,International journal of behavioral medicine,1070-5503,14873,international journal of behavioral medicine,"15327558, 10705503",journal,Applied_Psychology,True
30230,British journal of health psychology,1359-107X,12772,british journal of health psychology,"1359107X, 20448287",journal,Applied_Psychology,True
30233,American journal of speech-language pathology,1058-0360,14566,american journal of speech-language pathology,"10580360, 15589110",journal,Developmental_and_Educational_Psychology,True
31381,Rivista di psicoanalisi,0035-6492,19400158242,rivista di psicoanalisi,"19744722, 00356492",journal,Clinical_Psychology,True
31602,Voprosy psikhologii,0042-8841,89489,voprosy psikhologii,00428841,journal,Psychology_(miscellaneous),True
31736,Journal of health psychology,1359-1053,15536,journal of health psychology,"14617277, 13591053",journal,Applied_Psychology,True
31836,Cognitive behaviour therapy,1650-6073,12868,cognitive behaviour therapy,"16512316, 16506073",journal,Clinical_Psychology,True
31846,Eating behaviors,1471-0153,13545,eating behaviors,"18737358, 14710153",journal,Clinical_Psychology,True
31881,Sleep and biological rhythms,1446-9235,130153,sleep and biological rhythms,"14469235, 14798425",journal,Neuropsychology_and_Physiological_Psychology,True
31973,Developmental science,1363-755X,13503,developmental science,"14677687, 1363755X",journal,Developmental_and_Educational_Psychology,True
31975,Laterality,1357-650X,16861,laterality,"14640678, 1357650X",journal,Psychology_(miscellaneous),True
32171,Behavioral sleep medicine,1540-2002,145172,behavioral sleep medicine,"15402010, 15402002",journal,Psychology_(miscellaneous),True
32218,Visual cognition,1350-6285,15407,visual cognition,"13506285, 14640716",journal,Experimental_and_Cognitive_Psychology,True
32228,Ethical human psychology and psychiatry,1559-4343,145694,ethical human psychology and psychiatry,"15594343, 19389000",journal,Clinical_Psychology,True
32459,Journal of child and family studies,1062-1024,15399,journal of child and family studies,"15732843, 10621024",journal,Developmental_and_Educational_Psychology,True
32511,Neuropsychological rehabilitation,0960-2011,18011,neuropsychological rehabilitation,"14640694, 09602011",journal,Psychology_(miscellaneous),True
32541,Behavior research methods,1554-351X,146223,behavior research methods,"15543528, 1554351X",journal,Developmental_and_Educational_Psychology,True
32561,Research in human development,1542-7609,19700188308,research in human development,"15427617, 15427609",journal,Social_Psychology,True
32644,Journal of research in reading,0141-0423,12834,journal of research in reading,"14679817, 01410423",journal,Developmental_and_Educational_Psychology,True
32645,Social cognition,0278-016X,14823,social cognition,0278016X,journal,Social_Psychology,True
32654,Cognitive processing,1612-4782,130113,cognitive processing,"16124782, 16124790",journal,Experimental_and_Cognitive_Psychology,True
32655,Journal of neurolinguistics,0911-6044,16750,journal of neurolinguistics,"18738052, 09116044",journal,Experimental_and_Cognitive_Psychology,True
32706,Journal of psychosocial oncology,0734-7332,29979,journal of psychosocial oncology,"07347332, 15407586",journal,Applied_Psychology,True
32725,Eating disorders,1064-0266,13547,eating disorders,"1532530X, 10640266",journal,Clinical_Psychology,True
32799,Journal of psychopathology and behavioral assessment,0882-2689,30065,journal of psychopathology and behavioral assessment,"08822689, 15733505",journal,Clinical_Psychology,True
32800,Cognitive and behavioral practice,1077-7229,12867,cognitive and behavioral practice,"1878187X, 10777229",journal,Clinical_Psychology,True
32924,Cognitive neuropsychology,0264-3294,14916,cognitive neuropsychology,"14640627, 02643294",journal,Developmental_and_Educational_Psychology,True
32986,Journal of developmental and physical disabilities,1056-263X,14315,journal of developmental and physical disabilities,"1056263X, 15733580",journal,Developmental_and_Educational_Psychology,True
32988,Psychological inquiry,1047-840X,13456,psychological inquiry,"15327965, 1047840X",journal,Psychology_(miscellaneous),True
32998,Psychological services,1541-1559,5300152209,psychological services,15411559,journal,Clinical_Psychology,True
33004,Clinical child psychology and psychiatry,1359-1045,24514,clinical child psychology and psychiatry,13591045,journal,Clinical_Psychology,True
33037,Infant and child development,1522-7227,14820,infant and child development,"15227227, 15227219",journal,Developmental_and_Educational_Psychology,True
33082,BioPsychoSocial medicine,,6400153136,biopsychosocial medicine,17510759,journal,Social_Psychology,False
33093,Journal of memory and language,0749-596X,22478,journal of memory and language,"10960821, 0749596X",journal,Neuropsychology_and_Physiological_Psychology,True
33104,Social neuroscience,1747-0919,5800179612,social neuroscience,"17470919, 17470927",journal,Social_Psychology,True
33112,Body image,1740-1445,12159,body image,"17401445, 18736807",journal,Social_Psychology,True
33149,Psicothema,0214-9915,13378,psicothema,"02149915, 1886144X",journal,Psychology_(miscellaneous),True
33167,Social cognitive and affective neuroscience,1749-5016,7000153204,social cognitive and affective neuroscience,"17495024, 17495016",journal,Experimental_and_Cognitive_Psychology,True
33204,Adaptive behavior,1059-7123,23635,adaptive behavior,"17412633, 10597123",journal,Experimental_and_Cognitive_Psychology,True
33226,Applied psycholinguistics,0142-7164,18654,applied psycholinguistics,"14691817, 01427164",journal,Psychology_(miscellaneous),True
33240,ACM transactions on applied perception,1544-3558,12100154833,acm transactions on applied perception,"15443965, 15443558",journal,Experimental_and_Cognitive_Psychology,True
33374,Intellectual and developmental disabilities,1934-9491,5200152840,intellectual and developmental disabilities,"19349491, 19349556",journal,Developmental_and_Educational_Psychology,True
33382,Cognitive development,0885-2014,12869,cognitive development,08852014,journal,Developmental_and_Educational_Psychology,True
33429,Current directions in psychological science,0963-7214,13477,current directions in psychological science,"14678721, 09637214",journal,Developmental_and_Educational_Psychology,True
33704,Annual review of clinical psychology,1548-5943,4600151524,annual review of clinical psychology,"15485951, 15485943",journal,Clinical_Psychology,True
33794,Applied developmental science,1088-8691,5700155900,applied developmental science,"1532480X, 10888691",journal,Developmental_and_Educational_Psychology,True
33801,Motivation and emotion,0146-7239,12710,motivation and emotion,"15736644, 01467239",journal,Social_Psychology,True
33806,International journal of stress management,1072-5245,14761,international journal of stress management,"10725245, 15733424",journal,Psychology_(miscellaneous),True
33866,Sleep medicine clinics,1556-407X,17500155127,sleep medicine clinics,"1556407X, 15564088",journal,Clinical_Psychology,True
34111,Child language teaching and therapy,0265-6590,22015,child language teaching and therapy,"02656590, 14770865",journal,Developmental_and_Educational_Psychology,True
34115,European journal of behavior analysis,1502-1149,21100899439,european journal of behavior analysis,2377729X,journal,Psychology_(miscellaneous),False
34261,Journal of nonverbal behavior,0191-5886,30016,journal of nonverbal behavior,"01915886, 15733653",journal,Social_Psychology,True
34267,Psychology of sport and exercise,1469-0292,14033,psychology of sport and exercise,14690292,journal,Applied_Psychology,True
34282,Cognitive systems research,,12886,cognitive systems research,"13890417, 22144366",journal,Experimental_and_Cognitive_Psychology,False
34292,Research in autism spectrum disorders,1750-9467,5700191204,research in autism spectrum disorders,"17509467, 18780237",journal,Developmental_and_Educational_Psychology,True
34490,Cognitive science,0364-0213,12874,cognitive science,"03640213, 15516709",journal,Experimental_and_Cognitive_Psychology,True
34525,Journal of emotional and behavioral disorders,1063-4266,16705,journal of emotional and behavioral disorders,"15384799, 10634266",journal,Developmental_and_Educational_Psychology,True
34626,Frontiers in behavioral neuroscience,,19700175166,frontiers in behavioral neuroscience,16625153,journal,Neuropsychology_and_Physiological_Psychology,False
34628,Frontiers in human neuroscience,,19700175164,frontiers in human neuroscience,16625161,journal,Neuropsychology_and_Physiological_Psychology,False
34789,Journal of neuropsychology,1748-6645,17500155120,journal of neuropsychology,"17486653, 17486645",journal,Neuropsychology_and_Physiological_Psychology,True
34867,Journal of adult development,1068-0667,15372,journal of adult development,"10680667, 15733440",journal,Developmental_and_Educational_Psychology,True
34876,Central nervous system agents in medicinal chemistry,1871-5249,5000153107,central nervous system agents in medicinal chemistry,"18715249, 18756166",journal,Neuropsychology_and_Physiological_Psychology,True
34885,Media psychology,1521-3269,12057,media psychology,"1532785X, 15213269",journal,Social_Psychology,True
34960,Aggression and violent behavior,1359-1789,29451,aggression and violent behavior,"18736335, 13591789",journal,Clinical_Psychology,True
35580,International journal of cognitive therapy,1937-1209,19900191604,international journal of cognitive therapy,"19371209, 19371217",journal,Experimental_and_Cognitive_Psychology,True
35604,New ideas in psychology,0732-118X,12740,new ideas in psychology,0732118X,journal,Psychology_(miscellaneous),True
35648,American journal on intellectual and developmental disabilities,1944-7515,17500155152,american journal on intellectual and developmental disabilities,"19447515, 19447558",journal,Developmental_and_Educational_Psychology,True
35730,Behavioural and cognitive psychotherapy,1352-4658,12128,behavioural and cognitive psychotherapy,"14691833, 13524658",journal,Clinical_Psychology,True
36087,Journal of psychoeducational assessment,0734-2829,12833,journal of psychoeducational assessment,"15575144, 07342829",journal,Psychology_(miscellaneous),True
36114,Educational psychologist,0046-1520,13564,educational psychologist,"15326985, 00461520",journal,Developmental_and_Educational_Psychology,True
36141,Cognition and instruction,0737-0008,12859,cognition and instruction,"1532690X, 07370008",journal,Developmental_and_Educational_Psychology,True
36142,European journal of personality,0890-2070,14105,european journal of personality,"08902070, 10990984",journal,Social_Psychology,True
36143,Journal of cognitive psychotherapy,0889-8391,15427,journal of cognitive psychotherapy,"08898391, 1938887X",journal,Clinical_Psychology,True
36148,Journal of occupational and organizational psychology,0963-1798,30017,journal of occupational and organizational psychology,"20448325, 09631798",journal,Applied_Psychology,True
36184,Journal of applied sport psychology,1041-3200,19870,journal of applied sport psychology,"10413200, 15331571",journal,Applied_Psychology,True
36193,Educational psychology review,1040-726X,14278,educational psychology review,"1040726X, 1573336X",journal,Developmental_and_Educational_Psychology,True
36267,Journal of public child welfare,1554-8732,4700152864,journal of public child welfare,"15548732, 15548740",journal,Developmental_and_Educational_Psychology,True
36313,Child development perspectives,1750-8592,13900154713,child development perspectives,"17508606, 17508592",journal,Developmental_and_Educational_Psychology,True
36316,Mental health and physical activity,1755-2966,12000154319,mental health and physical activity,"18780199, 17552966",journal,Applied_Psychology,True
36364,Judgment and decision making,,19400157006,judgment and decision making,19302975,journal,Applied_Psychology,False
36374,Philosophical psychology,0951-5089,12824,philosophical psychology,"09515089, 1465394X",journal,Applied_Psychology,True
36375,Reading and writing,0922-4777,22281,reading and writing,"09224777, 15730905",journal,Neuropsychology_and_Physiological_Psychology,True
36414,Journal of experimental education,0022-0973,21448,journal of experimental education,"19400683, 00220973",journal,Developmental_and_Educational_Psychology,True
36434,Social and personality psychology compass,,19900192137,social and personality psychology compass,17519004,journal,Social_Psychology,False
36481,Journal of intergenerational relationships,1535-0770,4700152785,journal of intergenerational relationships,15350770,journal,Social_Psychology,True
36504,Psychology research and behavior management,,19700175787,psychology research and behavior management,11791578,journal,Psychology_(miscellaneous),False
36507,Journal of college student psychotherapy,8756-8225,4700152788,journal of college student psychotherapy,87568225,journal,Clinical_Psychology,True
36515,School mental health,1866-2625,19500157064,school mental health,"18662625, 18662633",journal,Developmental_and_Educational_Psychology,True
36649,Topics in cognitive science,1756-8757,19900191735,topics in cognitive science,"17568765, 17568757",journal,Experimental_and_Cognitive_Psychology,True
36672,Vulnerable children and youth studies,1745-0128,6500153239,vulnerable children and youth studies,"17450136, 17450128",journal,Developmental_and_Educational_Psychology,True
36673,Applied psychological measurement,0146-6216,12028,applied psychological measurement,"01466216, 15523497",journal,Psychology_(miscellaneous),True
36730,Asian journal of psychiatry,1876-2018,12300154709,asian journal of psychiatry,"18762018, 18762026",journal,Psychology_(miscellaneous),True
36738,Journal of organizational behavior management,0160-8061,30019,journal of organizational behavior management,"01608061, 15408604",journal,Applied_Psychology,True
36739,Journal of behavioral decision making,0894-3257,20537,journal of behavioral decision making,"08943257, 10990771",journal,Applied_Psychology,True
36794,European psychologist,1016-9040,14120,european psychologist,"1878531X, 10169040",journal,Psychology_(miscellaneous),True
36795,Psicologia conductual,1132-9483,13359,psicologia conductual,11329483,journal,Clinical_Psychology,True
36796,Psicologia em estudo,1413-7372,4700152863,psicologia em estudo,14137372,journal,Psychology_(miscellaneous),True
36826,Social issues and policy review,1751-2395,19400158483,social issues and policy review,"17512409, 17512395",journal,Social_Psychology,True
36852,Reading research quarterly,0034-0553,16055,reading research quarterly,00340553,journal,Developmental_and_Educational_Psychology,True
36853,Political psychology,0162-895X,22861,political psychology,"0162895X, 14679221",journal,Social_Psychology,True
36975,Youth violence and juvenile justice,1541-2040,5700164300,youth violence and juvenile justice,15412040,journal,Developmental_and_Educational_Psychology,True
36982,Roeper review,0278-3193,19700187606,roeper review,"1940865X, 02783193",journal,Developmental_and_Educational_Psychology,True
36991,"Journal of neuroscience, psychology, and economics",1937-321X,19700166619,"journal of neuroscience, psychology, and economics","1937321X, 2151318X",journal,Neuropsychology_and_Physiological_Psychology,True
37006,Journal of career development,0894-8453,14420,journal of career development,"08948453, 15733548",journal,Psychology_(miscellaneous),True
37155,Revista critica de ciencias sociais,,25369,revista critica de ciencias sociais,02541106,journal,Psychology_(miscellaneous),False
37194,Advances in cognitive psychology,,18300156711,advances in cognitive psychology,18951171,journal,Psychology_(miscellaneous),False
37341,Child indicators research,1874-897X,19400158810,child indicators research,"18748988, 1874897X",journal,Social_Psychology,True
37364,Journal of organizational behavior,0894-3796,30020,journal of organizational behavior,"10991379, 08943796",journal,Psychology_(miscellaneous),True
37365,Music therapy perspectives,0734-6875,21100211114,music therapy perspectives,"07346875, 20537387",journal,Applied_Psychology,True
37377,Clinical case studies,1534-6501,130028,clinical case studies,"15346501, 15523802",journal,Clinical_Psychology,True
37388,Journal of Muslim mental health,1556-4908,5900153309,journal of muslim mental health,"15564908, 15565009",journal,Clinical_Psychology,True
37391,Journal of clinical sport psychology,1932-9261,21100223527,journal of clinical sport psychology,"19329261, 1932927X",journal,Applied_Psychology,True
37426,Partner abuse,1946-6560,19900191409,partner abuse,"19466560, 19466579",journal,Social_Psychology,True
37579,Mindfulness,1868-8527,19600166326,mindfulness,"18688535, 18688527",journal,Social_Psychology,True
37625,Contemporary family therapy,0892-2764,13414,contemporary family therapy,"08922764, 15733335",journal,Social_Psychology,True
37635,Health psychology review,1743-7199,19400158464,health psychology review,"17437202, 17437199",journal,Clinical_Psychology,True
37643,World leisure journal,1607-8055,21100779057,world leisure journal,"23334509, 16078055",journal,Social_Psychology,True
37706,Language and cognition,1866-9808,19700170244,language and cognition,"18669808, 18669859",journal,Experimental_and_Cognitive_Psychology,True
37762,Journal of psychotherapy integration,1053-0479,144801,journal of psychotherapy integration,10530479,journal,Clinical_Psychology,True
37764,Homicide studies,1088-7679,144977,homicide studies,10887679,journal,Psychology_(miscellaneous),True
37806,Journal of psychophysiology,0269-8803,30066,journal of psychophysiology,"21512124, 02698803",journal,Neuropsychology_and_Physiological_Psychology,True
37807,Reading psychology,0270-2711,16054,reading psychology,"02702711, 15210685",journal,Developmental_and_Educational_Psychology,True
37827,Journal of cognition and culture,1567-7095,16800154752,journal of cognition and culture,"15677095, 15685373",journal,Social_Psychology,True
38192,International journal of early years education,0966-9760,5700154766,international journal of early years education,09669760,journal,Developmental_and_Educational_Psychology,True
38221,Creativity research journal,1040-0419,13452,creativity research journal,"15326934, 10400419",journal,Developmental_and_Educational_Psychology,True
38223,Asian American journal of psychology,1948-1985,19700182730,asian american journal of psychology,"19481985, 19481993",journal,Psychology_(miscellaneous),True
38238,Journal of early intervention,1053-8151,22603,journal of early intervention,"21543992, 10538151",journal,Developmental_and_Educational_Psychology,True
38242,Journal of language and social psychology,0261-927X,15564,journal of language and social psychology,"15526526, 0261927X",journal,Social_Psychology,True
38264,Revista Argentina de ciencias del comportamiento,,21100877822,revista argentina de ciencias del comportamiento,18524206,journal,Developmental_and_Educational_Psychology,False
38284,Journal of family therapy,0163-4445,16707,journal of family therapy,"14676427, 01634445",journal,Social_Psychology,True
38294,Social psychological and personality science,1948-5506,19900193555,social psychological and personality science,"19485514, 19485506",journal,Social_Psychology,True
38313,Nature and science of sleep,,20000195043,nature and science of sleep,11791608,journal,Applied_Psychology,False
38456,"Journal of aggression, conflict and peace research",1759-6599,20600195510,"journal of aggression, conflict and peace research","20428715, 17596599",journal,Social_Psychology,True
38468,Annual review of applied linguistics,0267-1905,130087,annual review of applied linguistics,02671905,book series,Psychology_(miscellaneous),True
38493,Journal of positive behavior interventions,1098-3007,30047,journal of positive behavior interventions,"10983007, 15384772",journal,Developmental_and_Educational_Psychology,True
38585,Depression research and treatment,2090-1321,21100228093,depression research and treatment,"20901321, 2090133X",journal,Clinical_Psychology,True
38656,Frontiers in psychology,,21100216571,frontiers in psychology,16641078,journal,Psychology_(miscellaneous),False
38802,Therapeutic communities,0964-1866,75220,therapeutic communities,09641866,journal,Clinical_Psychology,True
38864,Decision support systems,0167-9236,21933,decision support systems,01679236,journal,Developmental_and_Educational_Psychology,True
38894,Psychoanalytic psychotherapy,0266-8734,13421,psychoanalytic psychotherapy,"02668734, 14749734",journal,Clinical_Psychology,True
38912,Journal of workplace behavioral health,1555-5240,4700152751,journal of workplace behavioral health,"15555259, 15555240",journal,Applied_Psychology,True
38936,Psychology of violence,2152-0828,19700186336,psychology of violence,"21520828, 2152081X",journal,Social_Psychology,True
38970,North American journal of psychology,1527-7143,3900148501,north american journal of psychology,15277143,journal,Developmental_and_Educational_Psychology,True
38994,International journal of consumer studies,1470-6423,5700167235,international journal of consumer studies,"14706423, 14706431",journal,Applied_Psychology,True
39025,Translational behavioral medicine,1869-6716,21100199546,translational behavioral medicine,"16139860, 18696716",journal,Applied_Psychology,True
39036,Psychology of religion and spirituality,1941-1022,17700156745,psychology of religion and spirituality,19411022,journal,Social_Psychology,True
39052,Journal of contemporary psychotherapy,0022-0116,15450,journal of contemporary psychotherapy,"15733564, 00220116",journal,Clinical_Psychology,True
39083,Geriatrie et psychologie neuropsychiatrie du vieillissement,2115-8789,19800188011,geriatrie et psychologie neuropsychiatrie du vieillissement,"21158789, 21157863",journal,Neuropsychology_and_Physiological_Psychology,True
39143,Personnel psychology,0031-5826,12817,personnel psychology,"00315826, 17446570",journal,Applied_Psychology,True
39226,Indian journal of psychological medicine,0253-7176,20000195020,indian journal of psychological medicine,"02537176, 09751564",journal,Clinical_Psychology,True
39310,Social psychology,1864-9335,19700188900,social psychology,"18649335, 21512590",journal,Social_Psychology,True
39370,Journal of children's services,1746-6660,19700173116,journal of children's services,17466660,journal,Developmental_and_Educational_Psychology,True
39711,Industrial and organizational psychology,1754-9426,21100217612,industrial and organizational psychology,"17549426, 17549434",journal,Social_Psychology,True
39847,i-Perception,,21100210905,i-perception,20416695,journal,Experimental_and_Cognitive_Psychology,False
39919,Journal of applied research in memory and cognition,2211-3681,20300195073,journal of applied research in memory and cognition,22113681,journal,Clinical_Psychology,True
39920,Journal of experimental psychopathology,,21100879731,journal of experimental psychopathology,20438087,journal,Clinical_Psychology,False
39943,Journal of child and adolescent mental health,1728-0583,200147135,journal of child and adolescent mental health,"17280591, 17280583",journal,Developmental_and_Educational_Psychology,True
39980,Psychodynamic psychiatry,2162-2590,21100215102,psychodynamic psychiatry,"21622590, 21622604",journal,Clinical_Psychology,True
40006,Qualitative research in psychology,1478-0887,5100155099,qualitative research in psychology,"14780895, 14780887",journal,Psychology_(miscellaneous),True
40009,Instructional science,0020-4277,21368,instructional science,"00204277, 15731952",journal,Developmental_and_Educational_Psychology,True
40027,Journal of constructivist psychology,1072-0537,15436,journal of constructivist psychology,"15210650, 10720537",journal,Social_Psychology,True
40031,International review of sport and exercise psychology,1750-984X,17900156719,international review of sport and exercise psychology,"1750984X, 17509858",journal,Applied_Psychology,True
40072,Intervention in school and clinic,1053-4512,22109,intervention in school and clinic,"10534512, 15384810",journal,Developmental_and_Educational_Psychology,True
40129,International journal of comparative and applied criminal justice,0192-4036,5800154205,international journal of comparative and applied criminal justice,"21576475, 01924036",journal,Social_Psychology,True
40144,Review of philosophy and psychology,1878-5158,19400158521,review of philosophy and psychology,"18785166, 18785158",journal,Experimental_and_Cognitive_Psychology,True
40191,Asian journal of social psychology,1367-2223,12055,asian journal of social psychology,"1467839X, 13672223",journal,Social_Psychology,True
40199,Multidisciplinary journal of educational research,,21100894554,multidisciplinary journal of educational research,20142862,journal,Developmental_and_Educational_Psychology,False
40203,Psychology and sexuality,1941-9899,19700187621,psychology and sexuality,"19419902, 19419899",journal,Social_Psychology,True
40209,Cyberpsychology,,19900192615,cyberpsychology,18027962,journal,Psychology_(miscellaneous),False
40276,Applied neuropsychology. Adult,2327-9095,21100829244,applied neuropsychology. adult,"23279095, 23279109",journal,Developmental_and_Educational_Psychology,True
40296,Journal of cognitive science,1598-2327,21100792504,journal of cognitive science,"15982327, 19766939",journal,Experimental_and_Cognitive_Psychology,True
40299,Journal of obsessive-compulsive and related disorders,2211-3649,21100202146,journal of obsessive-compulsive and related disorders,"22113649, 22113657",journal,Clinical_Psychology,True
40345,Journal of employment counseling,0022-0787,15457,journal of employment counseling,"21611920, 00220787",journal,Psychology_(miscellaneous),True
40423,Psychoanalytic dialogues,1048-1885,13418,psychoanalytic dialogues,"19409222, 10481885",journal,Clinical_Psychology,True
40528,Iranian journal of medical sciences,0253-0716,15240,iranian journal of medical sciences,"17353688, 02530716",journal,Clinical_Psychology,True
40613,European journal of special needs education,0885-6257,22053,european journal of special needs education,"08856257, 1469591X",journal,Developmental_and_Educational_Psychology,True
40621,Journal of family communication,1526-7431,5700177956,journal of family communication,"15327698, 15267431",journal,Social_Psychology,True
40689,Training and education in professional psychology,1931-3918,5800179597,training and education in professional psychology,19313918,journal,Psychology_(miscellaneous),True
40714,Alcohol research : current reviews,2168-3492,21100244230,alcohol research : current reviews,"21694796, 21683492",journal,Clinical_Psychology,True
40908,Journal of drug and alcohol research,2090-8334,21100781873,journal of drug and alcohol research,"20908342, 20908334",journal,Clinical_Psychology,True
40969,Journal of behavioral education,1053-0819,12769,journal of behavioral education,"10530819, 15733513",journal,Developmental_and_Educational_Psychology,True
41116,Multisensory research,2213-4794,21100243801,multisensory research,"22134808, 22134794",journal,Experimental_and_Cognitive_Psychology,True
41198,Rivista di psicolinguistica applicata,1592-1328,21101060914,rivista di psicolinguistica applicata,"17240646, 15921328",journal,Social_Psychology,True
41228,Cognitive linguistics,0936-5907,130178,cognitive linguistics,"09365907, 16133641",journal,Developmental_and_Educational_Psychology,True
41304,Journal of behavioral addictions,2062-5871,21100373947,journal of behavioral addictions,"20625871, 20635303",journal,Clinical_Psychology,True
41309,Childhood education,0009-4056,21100898040,childhood education,"00094056, 21620725",journal,Developmental_and_Educational_Psychology,True
41316,Journal for social action in counseling and psychology,,21100855411,journal for social action in counseling and psychology,21598142,journal,Social_Psychology,False
41329,Clinical practice in pediatric psychology,2169-4826,21100824878,clinical practice in pediatric psychology,"21694826, 21694834",journal,Developmental_and_Educational_Psychology,True
41434,Psicologia sociale,1827-2517,21100396438,psicologia sociale,18272517,journal,Social_Psychology,True
41535,Learning environments research,1387-1579,13460,learning environments research,"15731855, 13871579",journal,Developmental_and_Educational_Psychology,True
41743,Journal of contextual behavioral science,2212-1447,21100222556,journal of contextual behavioral science,22121447,journal,Applied_Psychology,True
41763,Journal of sport psychology in action,2152-0704,21100330714,journal of sport psychology in action,"21520712, 21520704",journal,Social_Psychology,True
41847,Psychology of music,0305-7356,16300154722,psychology of music,"17413087, 03057356",journal,Psychology_(miscellaneous),True
41861,PsyCh journal,2046-0252,21100409888,psych journal,"20460260, 20460252",journal,Psychology_(miscellaneous),True
41866,Military behavioral health,2163-5781,21100901172,military behavioral health,"21635781, 21635803",journal,Psychology_(miscellaneous),True
41938,Psicooncologia,1696-7240,11700154711,psicooncologia,"19888287, 16967240",journal,Clinical_Psychology,True
41958,"Emotion, space and society",1755-4586,17500155125,"emotion, space and society","17554586, 18780040",journal,Social_Psychology,True
41991,Discourse studies,1461-4456,147229,discourse studies,"14614456, 14617080",journal,Social_Psychology,True
42011,Journal of career assessment,1069-0727,15398,journal of career assessment,"10690727, 15524590",journal,Psychology_(miscellaneous),True
42015,Metaphor and symbol,1092-6488,5800207751,metaphor and symbol,"15327868, 10926488",journal,Experimental_and_Cognitive_Psychology,True
42092,Research in organizational behavior,0191-3085,14130,research in organizational behavior,01913085,journal,Social_Psychology,True
42107,Nordic psychology,1901-2276,5300152225,nordic psychology,19012276,journal,Psychology_(miscellaneous),True
42115,International journal of psychological research,2011-2084,21100200401,international journal of psychological research,"20117922, 20112084",journal,Psychology_(miscellaneous),True
42126,International journal of social robotics,1875-4791,19500157063,international journal of social robotics,"18754805, 18754791",journal,Social_Psychology,True
42136,Current addiction reports,,21100972444,current addiction reports,21962952,journal,Clinical_Psychology,False
42200,Health psychology and behavioral medicine,,21100945900,health psychology and behavioral medicine,21642850,journal,Psychology_(miscellaneous),False
42276,"Psychology of aesthetics, creativity, and the arts",1931-3896,19500156812,"psychology of aesthetics, creativity, and the arts","1931390X, 19313896",journal,Developmental_and_Educational_Psychology,True
42287,Current treatment options in psychiatry,,21100900600,current treatment options in psychiatry,21963061,journal,Clinical_Psychology,False
42314,Journal of cognitive engineering and decision making,1555-3434,21100211334,journal of cognitive engineering and decision making,"21695032, 15553434",journal,Applied_Psychology,True
42353,British journal of psychotherapy,0265-9883,14368,british journal of psychotherapy,"17520118, 02659883",journal,Clinical_Psychology,True
42386,Pastoral care in education,0264-3944,19700190314,pastoral care in education,"14680122, 02643944",journal,Developmental_and_Educational_Psychology,True
42400,"Language, cognition and neuroscience",2327-3798,21100386521,"language, cognition and neuroscience","23273801, 23273798",journal,Experimental_and_Cognitive_Psychology,True
42403,Research on language and social interaction,0835-1813,22340,research on language and social interaction,"08351813, 15327973",journal,Social_Psychology,True
42417,Education and training in autism and developmental disabilities,2154-1647,19900191857,education and training in autism and developmental disabilities,21541647,journal,Developmental_and_Educational_Psychology,True
42441,Occupational therapy in mental health,0164-212X,18123,occupational therapy in mental health,"0164212X, 15413101",journal,Applied_Psychology,True
42443,Journal of individual differences,1614-0001,11700154377,journal of individual differences,"21512299, 16140001",journal,Psychology_(miscellaneous),True
42446,International journal of developmental disabilities,2047-3869,21100235822,international journal of developmental disabilities,"20473877, 20473869",journal,Developmental_and_Educational_Psychology,True
42487,Current developmental disorders reports,,21101017384,current developmental disorders reports,21962987,journal,Developmental_and_Educational_Psychology,False
42540,Journal of experimental psychology. Animal learning and cognition,2329-8456,21100370881,journal of experimental psychology. animal learning and cognition,"23298464, 23298456",journal,Experimental_and_Cognitive_Psychology,True
42563,Learning and instruction,0959-4752,13455,learning and instruction,09594752,journal,Developmental_and_Educational_Psychology,True
42566,Journal of poetry therapy,0889-3675,5800207425,journal of poetry therapy,"08893675, 15672344",journal,Clinical_Psychology,True
42637,Health psychology research,,21100927406,health psychology research,24208124,journal,Social_Psychology,False
42728,Subjectivity,1755-6341,19900188288,subjectivity,"17556341, 1755635X",journal,Social_Psychology,True
42771,Psychology of sexual orientation and gender diversity,2329-0382,21100830172,psychology of sexual orientation and gender diversity,"23290382, 23290390",journal,Psychology_(miscellaneous),True
42803,Symbolic interaction,0195-6086,26619,symbolic interaction,"15338665, 01956086",journal,Social_Psychology,True
42804,Journal of Intelligence,,21100934557,journal of intelligence,20793200,journal,Developmental_and_Educational_Psychology,False
42928,European review of social psychology,1046-3283,18300156710,european review of social psychology,"10463283, 1479277X",journal,Social_Psychology,True
43095,BMC psychology,,21100464683,bmc psychology,20507283,journal,Psychology_(miscellaneous),False
43171,Adaptive human behavior and physiology,,21100837404,adaptive human behavior and physiology,21987335,journal,Experimental_and_Cognitive_Psychology,False
43221,Translational issues in psychological science,2332-2136,21101089656,translational issues in psychological science,"23322136, 23322179",journal,Psychology_(miscellaneous),True
43288,International gambling studies,1445-9795,14000155911,international gambling studies,"14794276, 14459795",journal,Applied_Psychology,True
43383,Early childhood education journal,1082-3301,144967,early childhood education journal,"15731707, 10823301",journal,Developmental_and_Educational_Psychology,True
43422,Current opinion in psychology,2352-250X,21100372442,current opinion in psychology,2352250X,journal,Psychology_(miscellaneous),True
43493,Policy insights from the behavioral and brain sciences,2372-7322,21100886228,policy insights from the behavioral and brain sciences,"23727330, 23727322",journal,Social_Psychology,True
43571,Social influence,1553-4510,6700153284,social influence,"15534529, 15534510",journal,Social_Psychology,True
43613,Journal of developmental and life-course criminology,2199-4641,21100922747,journal of developmental and life-course criminology,"21994641, 2199465X",journal,Applied_Psychology,True
43623,Journal of intellectual disabilities and offending behaviour,2050-8824,21100269616,journal of intellectual disabilities and offending behaviour,20508824,journal,Clinical_Psychology,True
43719,Borderline personality disorder and emotion dysregulation,,21100854907,borderline personality disorder and emotion dysregulation,20516673,journal,Clinical_Psychology,False
43732,Addictive behaviors reports,,21100388400,addictive behaviors reports,23528532,journal,Clinical_Psychology,False
43735,Behavioral disorders,0198-7429,21996,behavioral disorders,01987429,journal,Developmental_and_Educational_Psychology,True
43770,Sleep health,2352-7218,21100386467,sleep health,23527218,journal,Neuropsychology_and_Physiological_Psychology,True
43888,Journal of criminal psychology,2009-3829,21100370349,journal of criminal psychology,20093829,journal,Social_Psychology,True
43907,Journal of media psychology,1864-1105,17700156742,journal of media psychology,"18641105, 21512388",journal,Social_Psychology,True
43910,Motivation science,2333-8113,21101017693,motivation science,"23338113, 23338121",journal,Developmental_and_Educational_Psychology,True
43981,Educational psychology in practice,0266-7363,5800207890,educational psychology in practice,02667363,journal,Developmental_and_Educational_Psychology,True
43982,Psychoanalytic inquiry,0735-1690,13419,psychoanalytic inquiry,"19409133, 07351690",journal,Clinical_Psychology,True
44009,Australian journal of learning difficulties,1940-4158,19800188058,australian journal of learning difficulties,"19404158, 19404166",journal,Social_Psychology,True
44104,Journal of psychosocial rehabilitation and mental health,2198-9834,21101030478,journal of psychosocial rehabilitation and mental health,"2198963X, 21989834",journal,Clinical_Psychology,True
44128,Journal of social distress and the homeless,1053-0789,40126,journal of social distress and the homeless,"1573658X, 10530789",journal,Psychology_(miscellaneous),True
44276,Psychodynamic practice,1475-3634,18741,psychodynamic practice,"14753634, 14753626",journal,Clinical_Psychology,True
44278,Legal and criminological psychology,1355-3259,12042,legal and criminological psychology,"13553259, 20448333",journal,Applied_Psychology,True
44279,Journal of spirituality in mental health,1934-9637,11200153529,journal of spirituality in mental health,"19349645, 19349637",journal,Social_Psychology,True
44297,Journal of educational measurement,0022-0655,66374,journal of educational measurement,00220655,journal,Developmental_and_Educational_Psychology,True
44299,International journal of sport and exercise psychology,1612-197X,15600154711,international journal of sport and exercise psychology,"1557251X, 1612197X",journal,Social_Psychology,True
44305,Gifted and talented international,1533-2276,21100972436,gifted and talented international,"15332276, 24709565",journal,Developmental_and_Educational_Psychology,True
44317,Educational psychology,0144-3410,14271,educational psychology,"14695820, 01443410",journal,Developmental_and_Educational_Psychology,True
44335,Children's geographies,1473-3285,19700187804,children's geographies,"14733277, 14733285",journal,Social_Psychology,True
44338,Europe's journal of psychology,,19900192612,europe's journal of psychology,18410413,journal,Psychology_(miscellaneous),False
44351,Journal of classification,0176-4268,23842,journal of classification,"01764268, 14321343",journal,Psychology_(miscellaneous),True
44391,"Sport, exercise, and performance psychology",2157-3905,21100413715,"sport, exercise, and performance psychology","21573913, 21573905",journal,Social_Psychology,True
44566,Journal of motor learning and development,2325-3193,21100860435,journal of motor learning and development,"23253215, 23253193",journal,Experimental_and_Cognitive_Psychology,True
44574,Health psychology open,,21100794825,health psychology open,20551029,journal,Clinical_Psychology,False
44714,Journal for person-oriented research,2002-0244,21100933316,journal for person-oriented research,"20030177, 20020244",journal,Psychology_(miscellaneous),True
44718,Stigma and health,2376-6972,21101042149,stigma and health,"23766964, 23766972",journal,Social_Psychology,True
44723,Estudios de psicologia,0210-9395,19700175607,estudios de psicologia,"02109395, 15793699",journal,Psychology_(miscellaneous),True
44875,AERA open,,21101045327,aera open,23328584,journal,Developmental_and_Educational_Psychology,False
44882,Journal of police and criminal psychology,0882-0783,12100155619,journal of police and criminal psychology,"19366469, 08820783",journal,Applied_Psychology,True
44939,Health psychology report,2353-4184,21100938864,health psychology report,"23535571, 23534184",journal,Clinical_Psychology,True
44956,Canadian journal of school psychology,0829-5735,11600153424,canadian journal of school psychology,"21543984, 08295735",journal,Developmental_and_Educational_Psychology,True
45043,Neuroscience of consciousness,,21100915393,neuroscience of consciousness,20572107,journal,Clinical_Psychology,False
45129,Cogent psychology,,21100774706,cogent psychology,23311908,journal,Psychology_(miscellaneous),False
45175,Human performance,0895-9285,14788,human performance,"08959285, 15327043",journal,Psychology_(miscellaneous),True
45297,NeuroRegulation,,21100854898,neuroregulation,23730587,journal,Neuropsychology_and_Physiological_Psychology,False
45560,Violence and gender,2326-7836,21100801744,violence and gender,"23267852, 23267836",journal,Social_Psychology,True
45564,Palgrave communications,,21100873453,palgrave communications,20551045,journal,Psychology_(miscellaneous),False
45573,Adolescent research review,2363-8346,21100899528,adolescent research review,"23638354, 23638346",journal,Developmental_and_Educational_Psychology,True
45632,Memory studies,1750-6980,11200153508,memory studies,"17506999, 17506980",journal,Social_Psychology,True
45690,Exceptionality,0936-2835,5700153985,exceptionality,"09362835, 15327035",journal,Developmental_and_Educational_Psychology,True
45753,Small group research,1046-4964,14818,small group research,"15528278, 10464964",journal,Social_Psychology,True
45934,Evolutionary behavioral sciences,2330-2925,21100451649,evolutionary behavioral sciences,"23302933, 23302925",journal,Social_Psychology,True
45988,Cognitive research: principles and implications,,21100935976,cognitive research: principles and implications,23657464,journal,Experimental_and_Cognitive_Psychology,False
46015,Nature human behaviour,,21100838541,nature human behaviour,23973374,journal,Social_Psychology,False
46098,Cogent medicine,,21100932759,cogent medicine,2331205X,journal,Applied_Psychology,False
46099,Journal of technology in behavioral science,,21101113246,journal of technology in behavioral science,23665963,journal,Applied_Psychology,False
46127,International journal of human rights in healthcare,2056-4902,21100834354,international journal of human rights in healthcare,"20564902, 20564910",journal,Social_Psychology,True
46140,Personalized medicine in psychiatry,,21101057933,personalized medicine in psychiatry,"24681725, 24681717",journal,Clinical_Psychology,False
46151,Rorschachiana,1192-5604,18200156706,rorschachiana,"2151206X, 11925604",journal,Clinical_Psychology,True
46204,Clinica y salud,1130-5274,21100378339,clinica y salud,"21740550, 11305274",journal,Clinical_Psychology,True
46402,Games and culture,1555-4120,11600153433,games and culture,"15554139, 15554120",journal,Applied_Psychology,True
46491,Journal of behavioral and experimental economics,2214-8043,21100372152,journal of behavioral and experimental economics,"22148051, 22148043",journal,Applied_Psychology,True
46546,Journal of Alzheimer's disease reports,,21101039875,journal of alzheimer's disease reports,25424823,journal,Clinical_Psychology,False
46722,Advances in neurodevelopmental disorders,2366-7532,21101037131,advances in neurodevelopmental disorders,"23667532, 23667540",journal,Psychology_(miscellaneous),True
46736,Scholarship of teaching and learning in psychology,2332-2101,21101077288,scholarship of teaching and learning in psychology,"23322101, 2332211X",journal,Psychology_(miscellaneous),True
46755,Education sciences,,21100897500,education sciences,22277102,journal,Developmental_and_Educational_Psychology,False
46818,Rivista internazionale di filosofia e psicologia,2039-4667,21100923615,rivista internazionale di filosofia e psicologia,"20394667, 22392629",journal,Social_Psychology,True
46855,Consulting psychology journal,1065-9293,70451,consulting psychology journal,10659293,journal,Developmental_and_Educational_Psychology,True
46950,Comprehensive results in social psychology,2374-3603,21100887623,comprehensive results in social psychology,23743611,journal,Social_Psychology,False
47014,Counselling and psychotherapy research,1473-3145,18000156703,counselling and psychotherapy research,"14733145, 17461405",journal,Clinical_Psychology,True
47092,Evolutionary psychological science,,21101041408,evolutionary psychological science,21989885,journal,Social_Psychology,False
47095,Journal of creativity in mental health,1540-1383,4700152822,journal of creativity in mental health,"15401391, 15401383",journal,Clinical_Psychology,True
47248,Neuropsychopharmacology reports,,21100862294,neuropsychopharmacology reports,2574173X,journal,Clinical_Psychology,False
47319,Journal of the Association for Consumer Research,2378-1815,21101021052,journal of the association for consumer research,"23781823, 23781815",journal,Applied_Psychology,True
47385,Journal of psychedelic studies,,21101043232,journal of psychedelic studies,25599283,journal,Social_Psychology,False
47459,Journal of humanistic psychology,0022-1678,15540,journal of humanistic psychology,"1552650X, 00221678",journal,Social_Psychology,True
47706,Behavioural public policy,2398-063X,21101095132,behavioural public policy,"23980648, 2398063X",journal,Social_Psychology,True
47756,Teaching exceptional children,0040-0599,21100922942,teaching exceptional children,"21635684, 00400599",journal,Developmental_and_Educational_Psychology,True
47759,Journal for the measurement of physical behaviour,2575-6605,21101141431,journal for the measurement of physical behaviour,"25756605, 25756613",journal,Psychology_(miscellaneous),True
47796,"Qualitative research in sport, exercise and health",2159-676X,21100199724,"qualitative research in sport, exercise and health","21596778, 2159676X",journal,Social_Psychology,True
47832,Advances in methods and practices in psychological science,2515-2459,21101046404,advances in methods and practices in psychological science,"25152459, 25152467",journal,Psychology_(miscellaneous),True
47847,Journal of applied school psychology,1537-7903,4700152737,journal of applied school psychology,"15377903, 15377911",journal,Developmental_and_Educational_Psychology,True
47874,Cognitive behaviour therapist,,21100872040,cognitive behaviour therapist,1754470X,journal,Clinical_Psychology,False
47887,Journal of forensic psychology research and practice,2473-2850,21100915638,journal of forensic psychology research and practice,"24732850, 24732842",journal,Applied_Psychology,True
47931,Journal of cognition,,21101044921,journal of cognition,25144820,journal,Experimental_and_Cognitive_Psychology,False
48020,"Mind, culture, and activity",1074-9039,5700152857,"mind, culture, and activity","10749039, 15327884",journal,Social_Psychology,True
48040,Journal of evidence-based psychotherapies,,21100396385,journal of evidence-based psychotherapies,23600853,journal,Clinical_Psychology,False
48106,Biolinguistics,,21101030208,biolinguistics,14503417,journal,Experimental_and_Cognitive_Psychology,False
48150,Journal of relationships research,,21100793836,journal of relationships research,18380956,journal,Social_Psychology,False
48152,Journal of numerical cognition,,21100943318,journal of numerical cognition,23638761,journal,Experimental_and_Cognitive_Psychology,False
48196,Research and practice in technology enhanced learning,1793-2068,21100899309,research and practice in technology enhanced learning,17937078,journal,Social_Psychology,False
48231,Journal of language evolution,2058-4571,21100896922,journal of language evolution,2058458X,journal,Developmental_and_Educational_Psychology,False
48398,Annals of applied sport science,2476-4981,21100838563,annals of applied sport science,"24764981, 23224479",journal,Applied_Psychology,True
48443,Perspectives on behavior science,2520-8969,21100870687,perspectives on behavior science,"25208969, 25208977",journal,Social_Psychology,True
48484,Journal of psychologists and counsellors in schools,2055-6365,21100818942,journal of psychologists and counsellors in schools,"20556365, 20556373",journal,Social_Psychology,True
48760,Human-computer interaction,0737-0024,25019,human-computer interaction,"15327051, 07370024",journal,Applied_Psychology,True
48764,International journal of testing,1530-5058,19700169951,international journal of testing,"15305058, 15327574",journal,Social_Psychology,True
48802,"European journal of investigation in health, psychology and education",2174-8144,21101042487,"european journal of investigation in health, psychology and education","21748144, 22549625",journal,Developmental_and_Educational_Psychology,True
48827,Human behavior and emerging technologies,,21101019738,human behavior and emerging technologies,25781863,journal,Social_Psychology,False
48851,Developmental child welfare,2516-1032,21101028599,developmental child welfare,"25161032, 25161040",journal,Developmental_and_Educational_Psychology,True
48923,Ecopsychology,,21100228016,ecopsychology,19429347,journal,Social_Psychology,False
48954,Soccer and society,1466-0970,18000156705,soccer and society,"17439590, 14660970",journal,Social_Psychology,True
49029,Psicologia Educativa,1135-755X,21100378341,psicologia educativa,"1135755X, 21740526",journal,Social_Psychology,True
49055,Journal of cultural cognitive science,2520-100X,21101041530,journal of cultural cognitive science,25201018,journal,Experimental_and_Cognitive_Psychology,False
49240,International journal of play,2159-4937,21100870589,international journal of play,21594953,journal,Developmental_and_Educational_Psychology,False
49335,Zeitschrift fur sportpsychologie,1612-5010,18300156721,zeitschrift fur sportpsychologie,"21906300, 16125010",journal,Social_Psychology,True
49566,Affective science,2662-2041,21101150129,affective science,"2662205X, 26622041",journal,Social_Psychology,True
49616,Journal of gambling issues,,21100218515,journal of gambling issues,19107595,journal,Clinical_Psychology,False
49625,Journal of behavioral and cognitive therapy,2666-3473,21101041510,journal of behavioral and cognitive therapy,25899791,journal,Clinical_Psychology,False
49645,Complex psychiatry,2673-3005,21101161915,complex psychiatry,"26733005, 2673298X",journal,Psychology_(miscellaneous),True
49685,Adversity and resilience science,2662-2424,21101151822,adversity and resilience science,"26622416, 26622424",journal,Developmental_and_Educational_Psychology,True
49690,Journal of applied rehabilitation counseling,0047-2220,21101040700,journal of applied rehabilitation counseling,"00472220, 26397641",journal,Applied_Psychology,True
49751,European journal of health psychology,2512-8442,21100987402,european journal of health psychology,"25128442, 25128450",journal,Clinical_Psychology,True
49819,International journal of applied positive psychology,2364-5040,21101142419,international journal of applied positive psychology,"23645040, 23645059",journal,Applied_Psychology,True
49822,Journal of cybersecurity,,21100855505,journal of cybersecurity,20572093,journal,Social_Psychology,False
49898,Journal of health and social sciences,2499-2240,21101052704,journal of health and social sciences,"24995886, 24992240",journal,Psychology_(miscellaneous),True
49985,Life span and disability,2035-5963,21100211372,life span and disability,20355963,journal,Developmental_and_Educational_Psychology,True
50060,Social inclusion,,21100442094,social inclusion,21832803,journal,Social_Psychology,False
50126,Journal of education and e-learning research,2518-0169,21100937445,journal of education and e-learning research,"25180169, 24109991",journal,Developmental_and_Educational_Psychology,True
50170,Evolutionary human sciences,,21101019704,evolutionary human sciences,2513843X,journal,Applied_Psychology,False
50177,Research on child and adolescent psychopathology,2730-7166,21101030210,research on child and adolescent psychopathology,"27307166, 27307174",journal,Developmental_and_Educational_Psychology,True
50181,Journal of affective disorders reports,,21101076715,journal of affective disorders reports,26669153,journal,Clinical_Psychology,False
50227,Comprehensive psychoneuroendocrinology,,21101107951,comprehensive psychoneuroendocrinology,26664976,journal,Psychology_(miscellaneous),False
50302,Journal of the Academy of Consultation-Liaison Psychiatry,2667-2979,21101039273,journal of the academy of consultation-liaison psychiatry,26672960,journal,Clinical_Psychology,False
50521,Global studies of childhood,,21100894548,global studies of childhood,20436106,journal,Developmental_and_Educational_Psychology,False
50733,Computers in human behavior reports,,21101078838,computers in human behavior reports,24519588,journal,Applied_Psychology,False
50824,Verhaltenstherapie,1016-6262,19942,verhaltenstherapie,"14230402, 10166262",journal,Clinical_Psychology,True
50885,European journal of work and organizational psychology,1359-432X,4700152304,european journal of work and organizational psychology,1359432X,journal,Applied_Psychology,True
50971,Clinical psychology in Europe,,21101046176,clinical psychology in europe,26253410,journal,Clinical_Psychology,False
51001,International journal of game-based learning,2155-6849,21100267903,international journal of game-based learning,"21556857, 21556849",journal,Developmental_and_Educational_Psychology,True
51052,International journal of community well-being,2524-5295,21101173090,international journal of community well-being,"25245309, 25245295",journal,Psychology_(miscellaneous),True
51229,"Psychoanalysis, self and context",2472-0038,21100903407,"psychoanalysis, self and context","24720038, 24720046",journal,Clinical_Psychology,True
51263,Psychoradiology,,21101170600,psychoradiology,26344416,journal,Psychology_(miscellaneous),False
51315,International journal of selection and assessment,0965-075X,24842,international journal of selection and assessment,"14682389, 0965075X",journal,Psychology_(miscellaneous),True
51327,Behavioral sciences of terrorism and political aggression,1943-4472,21100329895,behavioral sciences of terrorism and political aggression,"19434480, 19434472",journal,Social_Psychology,True
51349,Current research in ecological and social psychology,,21101136809,current research in ecological and social psychology,26666227,journal,Social_Psychology,False
51368,Journal of theoretical social psychology,,21101024236,journal of theoretical social psychology,24750387,journal,Social_Psychology,False
51419,Journal of psychopathology and clinical science,2769-7541,21101170038,journal of psychopathology and clinical science,"2769755X, 27697541",journal,Psychology_(miscellaneous),True
51506,Journal of child psychotherapy,0075-417X,15405,journal of child psychotherapy,"14699370, 0075417X",journal,Clinical_Psychology,True
51614,Nature reviews psychology,,21101159371,nature reviews psychology,27310574,journal,Developmental_and_Educational_Psychology,False
52071,"Drugs, habits and social policy",2752-6739,21101126440,"drugs, habits and social policy","27526739, 27526747",journal,Clinical_Psychology,True
52129,Organizational psychology review,2041-3866,21100405117,organizational psychology review,"20413866, 20413874",journal,Social_Psychology,True
52158,Psychology learning and teaching,1475-7257,20500195402,psychology learning and teaching,14757257,journal,Psychology_(miscellaneous),True
52220,Russian linguistics,0304-3487,22931,russian linguistics,"15728714, 03043487",journal,Developmental_and_Educational_Psychology,True
52234,Journal of consumer behaviour,1472-0817,17700156733,journal of consumer behaviour,"14791838, 14720817",journal,Social_Psychology,True
52352,Applied measurement in education,0895-7347,29450,applied measurement in education,"15324818, 08957347",journal,Developmental_and_Educational_Psychology,True
52371,Journal of social and political psychology,,21100812569,journal of social and political psychology,21953325,journal,Social_Psychology,False
52457,I-com,1618-162X,21100897522,i-com,"21966826, 1618162X",journal,Social_Psychology,True
52465,Ricerche di psicologia,0391-6081,21100843526,ricerche di psicologia,"03916081, 19725620",journal,Psychology_(miscellaneous),True
52654,Current research in behavioral sciences,,21101081716,current research in behavioral sciences,26665182,journal,Psychology_(miscellaneous),False
52657,Contemporary issues in early childhood,,11400153314,contemporary issues in early childhood,14639491,journal,Developmental_and_Educational_Psychology,False
52675,Psychosocial intervention,,21100378340,psychosocial intervention,"11320559, 21734712",journal,Social_Psychology,False
52697,Infancia y aprendizaje,0210-3702,6200180185,infancia y aprendizaje,"15784126, 02103702",journal,Developmental_and_Educational_Psychology,True
52757,Current issues in personality psychology,2353-4192,21100980646,current issues in personality psychology,"23534192, 2353561X",journal,Social_Psychology,True
53081,Consortium psychiatricum,2712-7672,21101145558,consortium psychiatricum,"27132919, 27127672",journal,Clinical_Psychology,True
53111,Continuity in education,,21101077107,continuity in education,26319179,journal,Social_Psychology,False
53373,Psychology of language and communication,1234-2238,18300156724,psychology of language and communication,12342238,journal,Developmental_and_Educational_Psychology,True
53395,Advances in autism,2056-3868,21100836861,advances in autism,"20563876, 20563868",journal,Developmental_and_Educational_Psychology,True
